{
  "uncounted-docs/scripts/generate_docx.py": 1773957856.1491578,
  "uncounted-docs/scripts/generate_gstar_docx.py": 1773957856.1492827,
  "uncounted-docs/\uae30\ub2a5\uc815\uc758\uc11c_v1.0.md": 1774603486.2634873,
  "uncounted-docs/\uc5b4\ub4dc\ubbfc/feature-utterance-review-filter.md": 1776080856.22928,
  "uncounted-docs/\uc5b4\ub4dc\ubbfc/admin-operations-manual.md": 1773957856.1484983,
  "uncounted-docs/ux-design-update/00-design-system.md": 1774094089.5452955,
  "uncounted-docs/ux-design-update/07-component-spec.md": 1774094153.4213436,
  "uncounted-docs/\ubbf8\ud305\uae30\uc220 \uc790\ub8cc/typecast/typecast-qa-sheet.md": 1773957856.1500137,
  "uncounted-docs/\ubbf8\ud305\uae30\uc220 \uc790\ub8cc/typecast/typecast-dataset-spec.md": 1773957856.1497216,
  "uncounted-docs/\ubbf8\ud305\uae30\uc220 \uc790\ub8cc/typecast/typecast-proposal.md": 1773957856.1498613,
  "uncounted-docs/\ubc31\uc564\ub4dc/sku-data-engine-spec.md": 1772606516.2271962,
  "uncounted-docs/\ubc31\uc564\ub4dc/BACKEND_API.md": 1775904626.954677,
  "uncounted-docs/\ubc31\uc564\ub4dc/data-spec-v2.md": 1772606516.2297397,
  "uncounted-docs/\ubc31\uc564\ub4dc/schema/DB\uc2a4\ud0a4\ub9c8_v1.6.md": 1774003238.9238045,
  "uncounted-docs/\ubc31\uc564\ub4dc/schema/DB\uc2a4\ud0a4\ub9c8_v1.7.md": 1775903826.1915786,
  "uncounted-docs/\ubc31\uc564\ub4dc/schema/DB\uc2a4\ud0a4\ub9c8_v1.4.md": 1773722092.063335,
  "uncounted-docs/\ubc31\uc564\ub4dc/schema/DB\uc2a4\ud0a4\ub9c8_v1.5.md": 1773722092.0637043,
  "uncounted-docs/\uc571/\uc2a4\ud53c\ucee4_\ub2e4\uc774\uc5b4\ub9ac\uc81c\uc774\uc158_\uac1c\uc120\ubc29\ud5a5.md": 1775904673.9639456,
  "uncounted-docs/\uc571/\ud654\uba74\ubcc4 \ub370\uc774\ud130 \uc815\uc758\uc11c_v1.0.md": 1773957856.159872,
  "uncounted-docs/\uc571/\uc628\ub514\ubc14\uc774\uc2a4_\ubaa8\ub378_\ud30c\uc77c_\uc81c\uac70_\ubd84\uc11d.md": 1775996380.8295364,
  "uncounted-docs/\uc571/\uc2a4\uce94_\uc5c5\ub85c\ub4dc_\ud50c\ub85c\uc6b0.md": 1775904662.8736749,
  "uncounted-docs/\uc571/campaign-system-v1-spec.md": 1773957856.1486409,
  "uncounted-docs/\uc571/accessibility-checklist.md": 1773957856.1483102,
  "uncounted-docs/\uc571/ux-design-spec.md": 1773957856.15017,
  "uncounted-docs/\uc571/motion-checklist.md": 1773957856.1494603,
  "uncounted-docs/\uc571/consent-design-spec.md": 1773957856.1488545,
  "uncounted-docs/\uc571/\uc2a4\uce94_\uc5c5\ub85c\ub4dc_\ucf54\ub4dc_\uac1c\uc120\uc0ac\ud56d.md": 1773958434.724623,
  "uncounted-docs/\uc571/\ud654\uc790 \ubd84\ub9ac/\ubcf4\uc774\uc2a4\uc5d4\ub864\uba3c\ud2b8_Level2_\uac1c\ub150.md": 1773958434.7107196,
  "uncounted-docs/\uc571/\ud654\uc790 \ubd84\ub9ac/MFCC_\ud654\uc790\uc720\uc0ac\ub3c4_\uac1c\ub150.md": 1773958434.7885556,
  "uncounted-docs/bugfix/A1-onboarding-auth-review.md": 1774607391.1190412,
  "uncounted-docs/bugfix/A2-file-scan-quality-review.md": 1774952320.3241453,
  "uncounted-docs/bugfix/SKU-export-phase1-bugfix.md": 1775465789.1083066,
  "uncounted-docs/bugfix/A2-audio-pipeline-unification-plan.md": 1774952322.3707626,
  "uncounted-docs/bugfix/A2-low-bugfix-plan.md": 1774949592.4344292,
  "uncounted-docs/bugfix/Phase4-utterance-upload-issues.md": 1775637234.8301349,
  "uncounted-docs/sprint/Phase1_3\uc77c\uc2a4\ud504\ub9b0\ud2b8_\uc2e4\ud589\uacc4\ud68d.md": 1775743109.650987,
  "uncounted-docs/voice-api/turbo-phase0-env.txt": 1776059775.6278527,
  "uncounted-docs/voice-api/\uccad\ud06c\ubaa8\ub4dc_WAV_\ubbf8\uc0dd\uc131_\uc774\uc288.md": 1775964400.6620445,
  "uncounted-docs/voice-api/Option_B_WeSpeaker_\uc7ac\ud074\ub7ec\uc2a4\ud130\ub9c1_\uac80\uc99d_\ubcf4\ub958.md": 1776171665.2944999,
  "uncounted-docs/voice-api/\ud654\uc790\ubd84\ub9ac_\uc815\ud655\ub3c4_\uc774\uc288.md": 1776070934.167913,
  "uncounted-docs/voice-api/large-v3-turbo-\uc804\ud658.md": 1776069150.0691817,
  "uncounted-docs/voice-api/\ud050_\ubcd1\ubaa9_\ubc0f_\ud3f4\ub9c1_\ud0c0\uc784\uc544\uc6c3_\uc774\uc288.md": 1776015718.165304,
  "uncounted-docs/voice-api/\ud654\uc790\ubd84\ub9ac_\uac1c\uc120_\ud788\uc2a4\ud1a0\ub9ac.md": 1775962353.9165504,
  "uncounted-docs/voice-api/\uc804\ucc98\ub9ac_\ud30c\uc774\ud504\ub77c\uc778_\uc7ac\ud65c\uc131\ud654.md": 1775972199.7004657
}